{
  "n_features": 112,
  "contamination": 0.05,
  "ae_threshold": 0.007746011950075626,
  "ae_mean": 0.0036683320067822933,
  "ae_std": 0.0008727870881557465
}